Order ID,Customer ID,Customer Name,Product ID,Product Name,Postal Code,City,State,Order Date, Total Amount ,Quantity,Discount,Ship Date,Category,Sub-Category,Ship Mode,Segment,Region,Regional Manager,Regional Manager Email, Total Amount After the Discount 
CA-2016-152156,CG-12520,Claire Gute,FUR-BO-10001798,Bush Somerset Collection Bookcase,42420,Henderson , Kentucky,11/8/2016, $261.96 ,2,0.00%,11/11/2016,Furniture,Bookcases,Second Class,CONSUMER,South,Charlie Brown,cbrown@superstore.com, $261.96 
CA-2016-152156,CG-12520,Claire Gute,FUR-CH-10000454,"Hon Deluxe Fabric Upholstered Stacking Chairs, Rounded Back",42420,Henderson , Kentucky,11/8/2016, $731.94 ,3,0.00%,11/11/2016,Furniture,Chairs,Second Class,CONSUMER,South,Charlie Brown,cbrown@superstore.com, $731.94 
US-2015-108966,SO-20335,Sean O'Donnell,FUR-TA-10000577,Bretford CR4500 Series Slim Rectangular Table,33311,Fort Lauderdale , Florida,10/11/2015, $957.58 ,5,45.00%,10/18/2015,Furniture,Tables,Standard Class,CONSUMER,South,Charlie Brown,cbrown@superstore.com, $526.67 
US-2015-108966,SO-20335,Sean O'Donnell,OFF-ST-10000760,Eldon Fold 'N Roll Cart System,33311,Fort Lauderdale , Florida,10/11/2015, $22.37 ,2,20.00%,10/18/2015,Office Supplies,Storage,Standard Class,CONSUMER,South,Charlie Brown,cbrown@superstore.com, $17.89 
CA-2016-138688,DV-13045,Darrin Van Huff,OFF-LA-10000240,Self-Adhesive Address Labels for Typewriters by Universal,90036,Los Angeles , California,6/12/2016, $14.62 ,2,0.00%,6/16/2016,Office Supplies,Labels,Second Class,CORPORATE,West,Diana Prince,dprince@superstore.com, $14.62 
CA-2014-115812,BH-11710,Brosina Hoffman,FUR-FU-10001487,"Eldon Expressions Wood and Plastic Desk Accessories, Cherry Wood",90032,Los Angeles , California,6/9/2014, $48.86 ,7,0.00%,6/14/2014,Furniture,Furnishings,Standard Class,CONSUMER,West,Diana Prince,dprince@superstore.com, $48.86 
CA-2014-115812,BH-11710,Brosina Hoffman,OFF-AR-10002833,Newell 322,90032,Los Angeles , California,6/9/2014, $7.28 ,4,0.00%,6/14/2014,Office Supplies,Art,Standard Class,CONSUMER,West,Diana Prince,dprince@superstore.com, $7.28 
CA-2014-115812,BH-11710,Brosina Hoffman,TEC-PH-10002275,Mitel 5320 IP Phone VoIP phone,90032,Los Angeles , California,6/9/2014, $907.15 ,6,20.00%,6/14/2014,Technology,Phones,Standard Class,CONSUMER,West,Diana Prince,dprince@superstore.com, $725.72 
CA-2014-115812,BH-11710,Brosina Hoffman,OFF-BI-10003910,DXL Angle-View Binders with Locking Rings by Samsill,90032,Los Angeles , California,6/9/2014, $18.50 ,3,20.00%,6/14/2014,Office Supplies,Binders,Standard Class,CONSUMER,West,Diana Prince,dprince@superstore.com, $14.80 
CA-2014-115812,BH-11710,Brosina Hoffman,OFF-AP-10002892,Belkin F5C206VTEL 6 Outlet Surge,90032,Los Angeles , California,6/9/2014, $114.90 ,5,0.00%,6/14/2014,Office Supplies,Appliances,Standard Class,CONSUMER,West,Diana Prince,dprince@superstore.com, $114.90 
CA-2014-115812,BH-11710,Brosina Hoffman,FUR-TA-10001539,Chromcraft Rectangular Conference Tables,90032,Los Angeles , California,6/9/2014," $1,706.18 ",9,20.00%,6/14/2014,Furniture,Tables,Standard Class,CONSUMER,West,Diana Prince,dprince@superstore.com," $1,364.95 "
CA-2014-115812,BH-11710,Brosina Hoffman,TEC-PH-10002033,Konftel 250 Conference phone - Charcoal black,90032,Los Angeles , California,6/9/2014, $911.42 ,4,20.00%,6/14/2014,Technology,Phones,Standard Class,CONSUMER,West,Diana Prince,dprince@superstore.com, $729.14 
CA-2017-114412,AA-10480,Andrew Allen,OFF-PA-10002365,Xerox 1967,28027,Concord , North Carolina,4/15/2017, $15.55 ,3,0.00%,4/20/2017,Office Supplies,Paper,Standard Class,CONSUMER,South,Charlie Brown,cbrown@superstore.com, $15.55 
CA-2016-161389,IM-15070,Irene Maddox,OFF-BI-10003656,Fellowes PB200 Plastic Comb Binding Machine,98103,Seattle , Washington,12/5/2016, $407.98 ,3,0.00%,12/10/2016,Office Supplies,Binders,Standard Class,CONSUMER,West,Diana Prince,dprince@superstore.com, $407.98 
US-2015-118983,HP-14815,Harold Pawlan,OFF-AP-10002311,"Holmes Replacement Filter for HEPA Air Cleaner, Very Large Room, HEPA Filter",76106,Fort Worth , Texas,11/22/2015, $68.81 ,5,80.00%,11/26/2015,Office Supplies,Appliances,Standard Class,HOME OFFICE,Central,Alice Smith,asmith@superstore.com, $13.76 
US-2015-118983,HP-14815,Harold Pawlan,OFF-BI-10000756,Storex DuraTech Recycled Plastic Frosted Binders,76106,Fort Worth , Texas,11/22/2015, $2.54 ,3,80.00%,11/26/2015,Office Supplies,Binders,Standard Class,HOME OFFICE,Central,Alice Smith,asmith@superstore.com, $0.51 
CA-2014-105893,PK-19075,Pete Kriz,OFF-ST-10004186,"Stur-D-Stor Shelving, Vertical 5-Shelf: 72""H x 36""W x 18 1/2""D",53711,Madison , Wisconsin,11/11/2014, $665.88 ,6,0.00%,11/18/2014,Office Supplies,Storage,Standard Class,CONSUMER,Central,Alice Smith,asmith@superstore.com, $665.88 
CA-2014-167164,AG-10270,Alejandro Grove,OFF-ST-10000107,Fellowes Super Stor/Drawer,84084,West Jordan , Utah,5/13/2014, $55.50 ,2,0.00%,5/15/2014,Office Supplies,Storage,Second Class,CONSUMER,West,Diana Prince,dprince@superstore.com, $55.50 
CA-2014-143336,ZD-21925,Zuschuss Donatelli,OFF-AR-10003056,Newell 341,94109,San Francisco , California,8/27/2014, $8.56 ,2,0.00%,9/1/2014,Office Supplies,Art,Second Class,CONSUMER,West,Diana Prince,dprince@superstore.com, $8.56 
CA-2014-143336,ZD-21925,Zuschuss Donatelli,TEC-PH-10001949,Cisco SPA 501G IP Phone,94109,San Francisco , California,8/27/2014, $213.48 ,3,20.00%,9/1/2014,Technology,Phones,Second Class,CONSUMER,West,Diana Prince,dprince@superstore.com, $170.78 
CA-2014-143336,ZD-21925,Zuschuss Donatelli,OFF-BI-10002215,"Wilson Jones Hanging View Binder, White, 1""",94109,San Francisco , California,8/27/2014, $22.72 ,4,20.00%,9/1/2014,Office Supplies,Binders,Second Class,CONSUMER,West,Diana Prince,dprince@superstore.com, $18.18 
CA-2016-137330,KB-16585,Ken Black,OFF-AR-10000246,Newell 318,68025,Fremont , Nebraska,12/9/2016, $19.46 ,7,0.00%,12/13/2016,Office Supplies,Art,Standard Class,CORPORATE,Central,Alice Smith,asmith@superstore.com, $19.46 
CA-2016-137330,KB-16585,Ken Black,OFF-AP-10001492,"Acco Six-Outlet Power Strip, 4' Cord Length",68025,Fremont , Nebraska,12/9/2016, $60.34 ,7,0.00%,12/13/2016,Office Supplies,Appliances,Standard Class,CORPORATE,Central,Alice Smith,asmith@superstore.com, $60.34 
US-2017-156909,SF-20065,Sandra Flanagan,FUR-CH-10002774,"Global Deluxe Stacking Chair, Gray",19140,Philadelphia , Pennsylvania,7/16/2017, $71.37 ,2,30.00%,7/18/2017,Furniture,Chairs,Second Class,CONSUMER,East,Bob Johnson,bjohnson@superstore.com, $49.96 
CA-2015-106320,EB-13870,Emily Burns,FUR-TA-10000577,Bretford CR4500 Series Slim Rectangular Table,84057,Orem , Utah,9/25/2015," $1,044.63 ",3,0.00%,9/30/2015,Furniture,Tables,Standard Class,CONSUMER,West,Diana Prince,dprince@superstore.com," $1,044.63 "
CA-2016-121755,EH-13945,Eric Hoffmann,OFF-BI-10001634,Wilson Jones Active Use Binders,90049,Los Angeles , California,1/16/2016, $11.65 ,2,20.00%,1/20/2016,Office Supplies,Binders,Second Class,CONSUMER,West,Diana Prince,dprince@superstore.com, $9.32 
CA-2016-121755,EH-13945,Eric Hoffmann,TEC-AC-10003027,Imation 8GB Mini TravelDrive USB 2.0 Flash Drive,90049,Los Angeles , California,1/16/2016, $90.57 ,3,0.00%,1/20/2016,Technology,Accessories,Second Class,CONSUMER,West,Diana Prince,dprince@superstore.com, $90.57 
US-2015-150630,TB-21520,Tracy Blumstein,FUR-BO-10004834,"Riverside Palais Royal Lawyers Bookcase, Royale Cherry Finish",19140,Philadelphia , Pennsylvania,9/17/2015," $3,083.43 ",7,50.00%,9/21/2015,Furniture,Bookcases,Standard Class,CONSUMER,East,Bob Johnson,bjohnson@superstore.com," $1,541.72 "
US-2015-150630,TB-21520,Tracy Blumstein,OFF-BI-10000474,Avery Recycled Flexi-View Covers for Binding Systems,19140,Philadelphia , Pennsylvania,9/17/2015, $9.62 ,2,70.00%,9/21/2015,Office Supplies,Binders,Standard Class,CONSUMER,East,Bob Johnson,bjohnson@superstore.com, $2.89 
US-2015-150630,TB-21520,Tracy Blumstein,FUR-FU-10004848,"Howard Miller 13-3/4"" Diameter Brushed Chrome Round Wall Clock",19140,Philadelphia , Pennsylvania,9/17/2015, $124.20 ,3,0.00%,9/21/2015,Furniture,Furnishings,Standard Class,CONSUMER,East,Bob Johnson,bjohnson@superstore.com, $124.20 
US-2015-150630,TB-21520,Tracy Blumstein,OFF-EN-10001509,Poly String Tie Envelopes,19140,Philadelphia , Pennsylvania,9/17/2015, $3.26 ,2,20.00%,9/21/2015,Office Supplies,Envelopes,Standard Class,CONSUMER,East,Bob Johnson,bjohnson@superstore.com, $2.61 
US-2015-150630,TB-21520,Tracy Blumstein,OFF-AR-10004042,"BOSTON Model 1800 Electric Pencil Sharpeners, Putty/Woodgrain",19140,Philadelphia , Pennsylvania,9/17/2015, $86.30 ,6,20.00%,9/21/2015,Office Supplies,Art,Standard Class,CONSUMER,East,Bob Johnson,bjohnson@superstore.com, $69.04 
US-2015-150630,TB-21520,Tracy Blumstein,OFF-BI-10001525,"Acco Pressboard Covers with Storage Hooks, 14 7/8"" x 11"", Executive Red",19140,Philadelphia , Pennsylvania,9/17/2015, $6.86 ,6,70.00%,9/21/2015,Office Supplies,Binders,Standard Class,CONSUMER,East,Bob Johnson,bjohnson@superstore.com, $2.06 
US-2015-150630,TB-21520,Tracy Blumstein,OFF-AR-10001683,Lumber Crayons,19140,Philadelphia , Pennsylvania,9/17/2015, $15.76 ,2,20.00%,9/21/2015,Office Supplies,Art,Standard Class,CONSUMER,East,Bob Johnson,bjohnson@superstore.com, $12.61 
CA-2017-107727,MA-17560,Matt Abelman,OFF-PA-10000249,Easy-staple paper,77095,Houston , Texas,10/19/2017, $29.47 ,3,20.00%,10/23/2017,Office Supplies,Paper,Second Class,HOME OFFICE,Central,Alice Smith,asmith@superstore.com, $23.58 
CA-2016-117590,GH-14485,Gene Hale,TEC-PH-10004977,GE 30524EE4,75080,Richardson , Texas,12/8/2016," $1,097.54 ",7,20.00%,12/10/2016,Technology,Phones,First Class,CORPORATE,Central,Alice Smith,asmith@superstore.com, $878.04 
CA-2016-117590,GH-14485,Gene Hale,FUR-FU-10003664,"Electrix Architect's Clamp-On Swing Arm Lamp, Black",75080,Richardson , Texas,12/8/2016, $190.92 ,5,60.00%,12/10/2016,Furniture,Furnishings,First Class,CORPORATE,Central,Alice Smith,asmith@superstore.com, $76.37 
CA-2015-117415,SN-20710,Steve Nguyen,OFF-EN-10002986,"#10-4 1/8"" x 9 1/2"" Premium Diagonal Seam Envelopes",77041,Houston , Texas,12/27/2015, $113.33 ,9,20.00%,12/31/2015,Office Supplies,Envelopes,Standard Class,HOME OFFICE,Central,Alice Smith,asmith@superstore.com, $90.66 
CA-2015-117415,SN-20710,Steve Nguyen,FUR-BO-10002545,"Atlantic Metals Mobile 3-Shelf Bookcases, Custom Colors",77041,Houston , Texas,12/27/2015, $532.40 ,3,32.00%,12/31/2015,Furniture,Bookcases,Standard Class,HOME OFFICE,Central,Alice Smith,asmith@superstore.com, $362.03 
CA-2015-117415,SN-20710,Steve Nguyen,FUR-CH-10004218,"Global Fabric Manager's Chair, Dark Gray",77041,Houston , Texas,12/27/2015, $212.06 ,3,30.00%,12/31/2015,Furniture,Chairs,Standard Class,HOME OFFICE,Central,Alice Smith,asmith@superstore.com, $148.44 
CA-2015-117415,SN-20710,Steve Nguyen,TEC-PH-10000486,Plantronics HL10 Handset Lifter,77041,Houston , Texas,12/27/2015, $371.17 ,4,20.00%,12/31/2015,Technology,Phones,Standard Class,HOME OFFICE,Central,Alice Smith,asmith@superstore.com, $296.93 
CA-2017-120999,LC-16930,Linda Cazamias,TEC-PH-10004093,Panasonic Kx-TS550,60540,Naperville , Illinois,9/10/2017, $147.17 ,4,20.00%,9/15/2017,Technology,Phones,Standard Class,CORPORATE,Central,Alice Smith,asmith@superstore.com, $117.73 
CA-2016-101343,RA-19885,Ruben Ausman,OFF-ST-10003479,"Eldon Base for stackable storage shelf, platinum",90049,Los Angeles , California,7/17/2016, $77.88 ,2,0.00%,7/22/2016,Office Supplies,Storage,Standard Class,CORPORATE,West,Diana Prince,dprince@superstore.com, $77.88 
CA-2017-139619,ES-14080,Erin Smith,OFF-ST-10003282,"Advantus 10-Drawer Portable Organizer, Chrome Metal Frame, Smoke Drawers",32935,Melbourne , Florida,9/19/2017, $95.62 ,2,20.00%,9/23/2017,Office Supplies,Storage,Standard Class,CORPORATE,South,Charlie Brown,cbrown@superstore.com, $76.49 
CA-2016-118255,ON-18715,Odella Nelson,TEC-AC-10000171,"Verbatim 25 GB 6x Blu-ray Single Layer Recordable Disc, 25/Pack",55122,Eagan , Minnesota,3/11/2016, $45.98 ,2,0.00%,3/13/2016,Technology,Accessories,First Class,CORPORATE,Central,Alice Smith,asmith@superstore.com, $45.98 
CA-2016-118255,ON-18715,Odella Nelson,OFF-BI-10003291,Wilson Jones Leather-Like Binders with DublLock Round Rings,55122,Eagan , Minnesota,3/11/2016, $17.46 ,2,0.00%,3/13/2016,Office Supplies,Binders,First Class,CORPORATE,Central,Alice Smith,asmith@superstore.com, $17.46 
CA-2014-146703,PO-18865,Patrick O'Donnell,OFF-ST-10001713,"Gould Plastics 9-Pocket Panel Bin, 18-3/8w x 5-1/4d x 20-1/2h, Black",48185,Westland , Michigan,10/20/2014, $211.96 ,4,0.00%,10/25/2014,Office Supplies,Storage,Second Class,CONSUMER,Central,Alice Smith,asmith@superstore.com, $211.96 
CA-2016-169194,LH-16900,Lena Hernandez,TEC-AC-10002167,Imation 8gb Micro Traveldrive Usb 2.0 Flash Drive,19901,Dover , Delaware,6/20/2016, $45.00 ,3,0.00%,6/25/2016,Technology,Accessories,Standard Class,CONSUMER,East,Bob Johnson,bjohnson@superstore.com, $45.00 
CA-2016-169194,LH-16900,Lena Hernandez,TEC-PH-10003988,"LF Elite 3D Dazzle Designer Hard Case Cover, Lf Stylus Pen and Wiper For Apple Iphone 5c Mini Lite",19901,Dover , Delaware,6/20/2016, $21.80 ,2,0.00%,6/25/2016,Technology,Phones,Standard Class,CONSUMER,East,Bob Johnson,bjohnson@superstore.com, $21.80 
CA-2015-115742,DP-13000,Darren Powers,OFF-BI-10004410,"C-Line Peel & Stick Add-On Filing Pockets, 8-3/4 x 5-1/8, 10/Pack",47150,New Albany , Indiana,4/18/2015, $38.22 ,6,0.00%,4/22/2015,Office Supplies,Binders,Standard Class,CONSUMER,Central,Alice Smith,asmith@superstore.com, $38.22 
CA-2015-115742,DP-13000,Darren Powers,OFF-LA-10002762,Avery 485,47150,New Albany , Indiana,4/18/2015, $75.18 ,6,0.00%,4/22/2015,Office Supplies,Labels,Standard Class,CONSUMER,Central,Alice Smith,asmith@superstore.com, $75.18 
CA-2015-115742,DP-13000,Darren Powers,FUR-FU-10001706,Longer-Life Soft White Bulbs,47150,New Albany , Indiana,4/18/2015, $6.16 ,2,0.00%,4/22/2015,Furniture,Furnishings,Standard Class,CONSUMER,Central,Alice Smith,asmith@superstore.com, $6.16 
CA-2015-115742,DP-13000,Darren Powers,FUR-CH-10003061,"Global Leather Task Chair, Black",47150,New Albany , Indiana,4/18/2015, $89.99 ,1,0.00%,4/22/2015,Furniture,Chairs,Standard Class,CONSUMER,Central,Alice Smith,asmith@superstore.com, $89.99 
CA-2016-105816,JM-15265,Janet Molinari,OFF-FA-10000304,Advantus Push Pins,10024,New York City , New York,12/11/2016, $15.26 ,7,0.00%,12/17/2016,Office Supplies,Fasteners,Standard Class,CORPORATE,East,Bob Johnson,bjohnson@superstore.com, $15.26 
CA-2016-105816,JM-15265,Janet Molinari,TEC-PH-10002447,AT&T CL83451 4-Handset Telephone,10024,New York City , New York,12/11/2016," $1,029.95 ",5,0.00%,12/17/2016,Technology,Phones,Standard Class,CORPORATE,East,Bob Johnson,bjohnson@superstore.com," $1,029.95 "
CA-2016-111682,TB-21055,Ted Butterfield,OFF-ST-10000604,Home/Office Personal File Carts,12180,Troy , New York,6/17/2016, $208.56 ,6,0.00%,6/18/2016,Office Supplies,Storage,First Class,CONSUMER,East,Bob Johnson,bjohnson@superstore.com, $208.56 
CA-2016-111682,TB-21055,Ted Butterfield,OFF-PA-10001569,Xerox 232,12180,Troy , New York,6/17/2016, $32.40 ,5,0.00%,6/18/2016,Office Supplies,Paper,First Class,CONSUMER,East,Bob Johnson,bjohnson@superstore.com, $32.40 
CA-2016-111682,TB-21055,Ted Butterfield,FUR-CH-10003968,Novimex Turbo Task Chair,12180,Troy , New York,6/17/2016, $319.41 ,5,10.00%,6/18/2016,Furniture,Chairs,First Class,CONSUMER,East,Bob Johnson,bjohnson@superstore.com, $287.47 
CA-2016-111682,TB-21055,Ted Butterfield,OFF-PA-10000587,"Array Parchment Paper, Assorted Colors",12180,Troy , New York,6/17/2016, $14.56 ,2,0.00%,6/18/2016,Office Supplies,Paper,First Class,CONSUMER,East,Bob Johnson,bjohnson@superstore.com, $14.56 
CA-2016-111682,TB-21055,Ted Butterfield,TEC-AC-10002167,Imation 8gb Micro Traveldrive Usb 2.0 Flash Drive,12180,Troy , New York,6/17/2016, $30.00 ,2,0.00%,6/18/2016,Technology,Accessories,First Class,CONSUMER,East,Bob Johnson,bjohnson@superstore.com, $30.00 
CA-2016-111682,TB-21055,Ted Butterfield,OFF-BI-10001460,Plastic Binding Combs,12180,Troy , New York,6/17/2016, $48.48 ,4,20.00%,6/18/2016,Office Supplies,Binders,First Class,CONSUMER,East,Bob Johnson,bjohnson@superstore.com, $38.78 
CA-2016-111682,TB-21055,Ted Butterfield,OFF-AR-10001868,Prang Dustless Chalk Sticks,12180,Troy , New York,6/17/2016, $1.68 ,1,0.00%,6/18/2016,Office Supplies,Art,First Class,CONSUMER,East,Bob Johnson,bjohnson@superstore.com, $1.68 
CA-2015-135545,KM-16720,Kunst Miller,TEC-AC-10004633,"Verbatim 25 GB 6x Blu-ray Single Layer Recordable Disc, 3/Pack",90004,Los Angeles , California,11/24/2015, $13.98 ,2,0.00%,11/30/2015,Technology,Accessories,Standard Class,CONSUMER,West,Diana Prince,dprince@superstore.com, $13.98 
CA-2015-135545,KM-16720,Kunst Miller,OFF-BI-10001078,"Acco PRESSTEX Data Binder with Storage Hooks, Dark Blue, 14 7/8"" X 11""",90004,Los Angeles , California,11/24/2015, $25.82 ,6,20.00%,11/30/2015,Office Supplies,Binders,Standard Class,CONSUMER,West,Diana Prince,dprince@superstore.com, $20.66 
CA-2015-135545,KM-16720,Kunst Miller,OFF-PA-10003892,Xerox 1943,90004,Los Angeles , California,11/24/2015, $146.73 ,3,0.00%,11/30/2015,Office Supplies,Paper,Standard Class,CONSUMER,West,Diana Prince,dprince@superstore.com, $146.73 
CA-2015-135545,KM-16720,Kunst Miller,FUR-FU-10000397,Luxo Economy Swing Arm Lamp,90004,Los Angeles , California,11/24/2015, $79.76 ,4,0.00%,11/30/2015,Furniture,Furnishings,Standard Class,CONSUMER,West,Diana Prince,dprince@superstore.com, $79.76 
US-2015-164175,PS-18970,Paul Stevenson,FUR-CH-10001146,"Global Value Mid-Back Manager's Chair, Gray",60610,Chicago , Illinois,4/30/2015, $213.12 ,5,30.00%,5/5/2015,Furniture,Chairs,Standard Class,HOME OFFICE,Central,Alice Smith,asmith@superstore.com, $149.18 
CA-2014-106376,BS-11590,Brendan Sweed,OFF-AR-10002671,"Hunt BOSTON Model 1606 High-Volume Electric Pencil Sharpener, Beige",85234,Gilbert , Arizona,12/5/2014," $1,113.02 ",8,20.00%,12/10/2014,Office Supplies,Art,Standard Class,CORPORATE,West,Diana Prince,dprince@superstore.com, $890.42 
CA-2014-106376,BS-11590,Brendan Sweed,TEC-PH-10002726,netTALK DUO VoIP Telephone Service,85234,Gilbert , Arizona,12/5/2014, $167.97 ,4,20.00%,12/10/2014,Technology,Phones,Standard Class,CORPORATE,West,Diana Prince,dprince@superstore.com, $134.37 
CA-2016-119823,KD-16270,Karen Daniels,OFF-PA-10000482,"Snap-A-Way Black Print Carbonless Ruled Speed Letter, Triplicate",22153,Springfield , Virginia,6/4/2016, $75.88 ,2,0.00%,6/6/2016,Office Supplies,Paper,First Class,CONSUMER,South,Charlie Brown,cbrown@superstore.com, $75.88 
CA-2016-106075,HM-14980,Henry MacAllister,OFF-BI-10004654,Avery Binding System Hidden Tab Executive Style Index Sets,10009,New York City , New York,9/18/2016, $4.62 ,1,20.00%,9/23/2016,Office Supplies,Binders,Standard Class,CONSUMER,East,Bob Johnson,bjohnson@superstore.com, $3.69 
CA-2017-114440,TB-21520,Tracy Blumstein,OFF-PA-10004675,"Telephone Message Books with Fax/Mobile Section, 5 1/2"" x 3 3/16""",49201,Jackson , Michigan,9/14/2017, $19.05 ,3,0.00%,9/17/2017,Office Supplies,Paper,Second Class,CONSUMER,Central,Alice Smith,asmith@superstore.com, $19.05 
US-2015-134026,JE-15745,Joel Eaton,FUR-CH-10000513,High-Back Leather Manager's Chair,38109,Memphis , Tennessee,4/26/2015, $831.94 ,8,20.00%,5/2/2015,Furniture,Chairs,Standard Class,CONSUMER,South,Charlie Brown,cbrown@superstore.com, $665.55 
US-2015-134026,JE-15745,Joel Eaton,FUR-FU-10003708,"Tenex Traditional Chairmats for Medium Pile Carpet, Standard Lip, 36"" x 48""",38109,Memphis , Tennessee,4/26/2015, $97.04 ,2,20.00%,5/2/2015,Furniture,Furnishings,Standard Class,CONSUMER,South,Charlie Brown,cbrown@superstore.com, $77.63 
US-2015-134026,JE-15745,Joel Eaton,OFF-ST-10004123,Safco Industrial Wire Shelving System,38109,Memphis , Tennessee,4/26/2015, $72.78 ,1,20.00%,5/2/2015,Office Supplies,Storage,Standard Class,CONSUMER,South,Charlie Brown,cbrown@superstore.com, $58.23 
US-2017-118038,KB-16600,Ken Brennan,OFF-BI-10004182,Economy Binders,77041,Houston , Texas,12/9/2017, $1.25 ,3,80.00%,12/11/2017,Office Supplies,Binders,First Class,CORPORATE,Central,Alice Smith,asmith@superstore.com, $0.25 
US-2017-118038,KB-16600,Ken Brennan,FUR-FU-10000260,"6"" Cubicle Wall Clock, Black",77041,Houston , Texas,12/9/2017, $9.71 ,3,60.00%,12/11/2017,Furniture,Furnishings,First Class,CORPORATE,Central,Alice Smith,asmith@superstore.com, $3.88 
US-2017-118038,KB-16600,Ken Brennan,OFF-ST-10000615,"SimpliFile Personal File, Black Granite, 15w x 6-15/16d x 11-1/4h",77041,Houston , Texas,12/9/2017, $27.24 ,3,20.00%,12/11/2017,Office Supplies,Storage,First Class,CORPORATE,Central,Alice Smith,asmith@superstore.com, $21.79 
US-2014-147606,JE-15745,Joel Eaton,FUR-FU-10003194,"Eldon Expressions Desk Accessory, Wood Pencil Holder, Oak",77070,Houston , Texas,11/26/2014, $19.30 ,5,60.00%,12/1/2014,Furniture,Furnishings,Second Class,CONSUMER,Central,Alice Smith,asmith@superstore.com, $7.72 
CA-2016-127208,SC-20770,Stewart Carmichael,OFF-AP-10002118,"1.7 Cubic Foot Compact ""Cube"" Office Refrigerators",35601,Decatur , Alabama,6/12/2016, $208.16 ,1,0.00%,6/15/2016,Office Supplies,Appliances,First Class,CORPORATE,South,Charlie Brown,cbrown@superstore.com, $208.16 
CA-2016-127208,SC-20770,Stewart Carmichael,OFF-BI-10002309,Avery Heavy-Duty EZD  Binder With Locking Rings,35601,Decatur , Alabama,6/12/2016, $16.74 ,3,0.00%,6/15/2016,Office Supplies,Binders,First Class,CORPORATE,South,Charlie Brown,cbrown@superstore.com, $16.74 
CA-2014-139451,DN-13690,Duane Noonan,OFF-AR-10002053,"Premium Writing Pencils, Soft, #2 by Central Association for the Blind",94122,San Francisco , California,10/12/2014, $14.90 ,5,0.00%,10/16/2014,Office Supplies,Art,Standard Class,CONSUMER,West,Diana Prince,dprince@superstore.com, $14.90 
CA-2014-139451,DN-13690,Duane Noonan,OFF-ST-10002370,"Sortfiler Multipurpose Personal File Organizer, Black",94122,San Francisco , California,10/12/2014, $21.39 ,1,0.00%,10/16/2014,Office Supplies,Storage,Standard Class,CONSUMER,West,Diana Prince,dprince@superstore.com, $21.39 
CA-2015-149734,JC-16105,Julie Creighton,OFF-EN-10000927,Jet-Pak Recycled Peel 'N' Seal Padded Mailers,27707,Durham , North Carolina,9/3/2015, $200.98 ,7,20.00%,9/8/2015,Office Supplies,Envelopes,Standard Class,CORPORATE,South,Charlie Brown,cbrown@superstore.com, $160.79 
US-2017-119662,CS-12400,Christopher Schild,OFF-ST-10003656,Safco Industrial Wire Shelving,60623,Chicago , Illinois,11/13/2017, $230.38 ,3,20.00%,11/16/2017,Office Supplies,Storage,First Class,HOME OFFICE,Central,Alice Smith,asmith@superstore.com, $184.30 
CA-2017-140088,PO-18865,Patrick O'Donnell,FUR-CH-10000863,Novimex Swivel Fabric Task Chair,29203,Columbia , South Carolina,5/28/2017, $301.96 ,2,0.00%,5/30/2017,Furniture,Chairs,Second Class,CONSUMER,South,Charlie Brown,cbrown@superstore.com, $301.96 
CA-2017-155558,PG-18895,Paul Gonzalez,TEC-AC-10001998,Logitech LS21 Speaker System - PC Multimedia - 2.1-CH - Wired,55901,Rochester , Minnesota,10/26/2017, $19.99 ,1,0.00%,11/2/2017,Technology,Accessories,Standard Class,CONSUMER,Central,Alice Smith,asmith@superstore.com, $19.99 
CA-2017-155558,PG-18895,Paul Gonzalez,OFF-LA-10000134,Avery 511,55901,Rochester , Minnesota,10/26/2017, $6.16 ,2,0.00%,11/2/2017,Office Supplies,Labels,Standard Class,CONSUMER,Central,Alice Smith,asmith@superstore.com, $6.16 
CA-2016-159695,GM-14455,Gary Mitchum,OFF-ST-10003442,Eldon Portable Mobile Manager,77095,Houston , Texas,4/5/2016, $158.37 ,7,20.00%,4/10/2016,Office Supplies,Storage,Second Class,HOME OFFICE,Central,Alice Smith,asmith@superstore.com, $126.69 
CA-2016-109806,JS-15685,Jim Sink,OFF-AR-10004930,Turquoise Lead Holder with Pocket Clip,90036,Los Angeles , California,9/17/2016, $20.10 ,3,0.00%,9/22/2016,Office Supplies,Art,Standard Class,CORPORATE,West,Diana Prince,dprince@superstore.com, $20.10 
CA-2016-109806,JS-15685,Jim Sink,TEC-PH-10004093,Panasonic Kx-TS550,90036,Los Angeles , California,9/17/2016, $73.58 ,2,20.00%,9/22/2016,Technology,Phones,Standard Class,CORPORATE,West,Diana Prince,dprince@superstore.com, $58.87 
CA-2016-109806,JS-15685,Jim Sink,OFF-PA-10000304,Xerox 1995,90036,Los Angeles , California,9/17/2016, $6.48 ,1,0.00%,9/22/2016,Office Supplies,Paper,Standard Class,CORPORATE,West,Diana Prince,dprince@superstore.com, $6.48 
CA-2015-149587,KB-16315,Karl Braun,OFF-PA-10003177,Xerox 1999,55407,Minneapolis , Minnesota,1/31/2015, $12.96 ,2,0.00%,2/5/2015,Office Supplies,Paper,Second Class,CONSUMER,Central,Alice Smith,asmith@superstore.com, $12.96 
CA-2015-149587,KB-16315,Karl Braun,FUR-FU-10003799,"Seth Thomas 13 1/2"" Wall Clock",55407,Minneapolis , Minnesota,1/31/2015, $53.34 ,3,0.00%,2/5/2015,Furniture,Furnishings,Second Class,CONSUMER,Central,Alice Smith,asmith@superstore.com, $53.34 
CA-2015-149587,KB-16315,Karl Braun,OFF-BI-10002852,Ibico Standard Transparent Covers,55407,Minneapolis , Minnesota,1/31/2015, $32.96 ,2,0.00%,2/5/2015,Office Supplies,Binders,Second Class,CONSUMER,Central,Alice Smith,asmith@superstore.com, $32.96 
US-2017-109484,RB-19705,Roger Barcio,OFF-BI-10004738,Flexible Leather- Look Classic Collection Ring Binder,97206,Portland , Oregon,11/6/2017, $5.68 ,1,70.00%,11/12/2017,Office Supplies,Binders,Standard Class,HOME OFFICE,West,Diana Prince,dprince@superstore.com, $1.70 
CA-2017-161018,PN-18775,Parhena Norris,FUR-FU-10000629,9-3/4 Diameter Round Wall Clock,10009,New York City , New York,11/9/2017, $96.53 ,7,0.00%,11/11/2017,Furniture,Furnishings,Second Class,HOME OFFICE,East,Bob Johnson,bjohnson@superstore.com, $96.53 
CA-2017-157833,KD-16345,Katherine Ducich,OFF-BI-10001721,Trimflex Flexible Post Binders,94122,San Francisco , California,6/17/2017, $51.31 ,3,20.00%,6/20/2017,Office Supplies,Binders,First Class,CONSUMER,West,Diana Prince,dprince@superstore.com, $41.05 
CA-2016-149223,ER-13855,Elpida Rittenbach,OFF-AP-10000358,Fellowes Basic Home/Office Series Surge Protectors,55106,Saint Paul , Minnesota,9/6/2016, $77.88 ,6,0.00%,9/11/2016,Office Supplies,Appliances,Standard Class,CORPORATE,Central,Alice Smith,asmith@superstore.com, $77.88 
CA-2016-158568,RB-19465,Rick Bensley,OFF-PA-10003256,Avery Personal Creations Heavyweight Cards,60610,Chicago , Illinois,8/29/2016, $64.62 ,7,20.00%,9/2/2016,Office Supplies,Paper,Standard Class,HOME OFFICE,Central,Alice Smith,asmith@superstore.com, $51.70 
CA-2016-158568,RB-19465,Rick Bensley,TEC-AC-10001767,SanDisk Ultra 64 GB MicroSDHC Class 10 Memory Card,60610,Chicago , Illinois,8/29/2016, $95.98 ,3,20.00%,9/2/2016,Technology,Accessories,Standard Class,HOME OFFICE,Central,Alice Smith,asmith@superstore.com, $76.78 
CA-2016-158568,RB-19465,Rick Bensley,OFF-BI-10002609,Avery Hidden Tab Dividers for Binding Systems,60610,Chicago , Illinois,8/29/2016, $1.79 ,3,80.00%,9/2/2016,Office Supplies,Binders,Standard Class,HOME OFFICE,Central,Alice Smith,asmith@superstore.com, $0.36 
CA-2016-129903,GZ-14470,Gary Zandusky,OFF-PA-10004040,Universal Premium White Copier/Laser Paper (20Lb. and 87 Bright),55901,Rochester , Minnesota,12/1/2016, $23.92 ,4,0.00%,12/4/2016,Office Supplies,Paper,Second Class,CONSUMER,Central,Alice Smith,asmith@superstore.com, $23.92 
US-2015-156867,LC-16870,Lena Cacioppo,TEC-AC-10001552,Logitech K350 2.4Ghz Wireless Keyboard,80013,Aurora , Colorado,11/13/2015, $238.90 ,6,20.00%,11/17/2015,Technology,Accessories,Standard Class,CONSUMER,West,Diana Prince,dprince@superstore.com, $191.12 
US-2015-156867,LC-16870,Lena Cacioppo,FUR-FU-10004006,"Deflect-o DuraMat Lighweight, Studded, Beveled Mat for Low Pile Carpeting",80013,Aurora , Colorado,11/13/2015, $102.36 ,3,20.00%,11/17/2015,Furniture,Furnishings,Standard Class,CONSUMER,West,Diana Prince,dprince@superstore.com, $81.89 
US-2015-156867,LC-16870,Lena Cacioppo,OFF-BI-10002794,"Avery Trapezoid Ring Binder, 3"" Capacity, Black, 1040 sheets",80013,Aurora , Colorado,11/13/2015, $36.88 ,3,70.00%,11/17/2015,Office Supplies,Binders,Standard Class,CONSUMER,West,Diana Prince,dprince@superstore.com, $11.06 
CA-2017-119004,JM-15250,Janet Martin,TEC-AC-10003499,Memorex Mini Travel Drive 8 GB USB 2.0 Flash Drive,28205,Charlotte , North Carolina,11/23/2017, $74.11 ,8,20.00%,11/28/2017,Technology,Accessories,Standard Class,CONSUMER,South,Charlie Brown,cbrown@superstore.com, $59.29 
CA-2017-119004,JM-15250,Janet Martin,TEC-PH-10002844,Speck Products Candyshell Flip Case,28205,Charlotte , North Carolina,11/23/2017, $27.99 ,1,20.00%,11/28/2017,Technology,Phones,Standard Class,CONSUMER,South,Charlie Brown,cbrown@superstore.com, $22.39 
CA-2017-119004,JM-15250,Janet Martin,OFF-AR-10000390,Newell Chalk Holder,28205,Charlotte , North Carolina,11/23/2017, $3.30 ,1,20.00%,11/28/2017,Office Supplies,Art,Standard Class,CONSUMER,South,Charlie Brown,cbrown@superstore.com, $2.64 
CA-2015-129476,PA-19060,Pete Armstrong,TEC-AC-10000844,Logitech Gaming G510s - Keyboard,60462,Orland Park , Illinois,10/15/2015, $339.96 ,5,20.00%,10/20/2015,Technology,Accessories,Standard Class,HOME OFFICE,Central,Alice Smith,asmith@superstore.com, $271.97 
CA-2017-146780,CV-12805,Cynthia Voltz,FUR-FU-10001934,Magnifier Swing Arm Lamp,10035,New York City , New York,12/25/2017, $41.96 ,2,0.00%,12/30/2017,Furniture,Furnishings,Standard Class,CORPORATE,East,Bob Johnson,bjohnson@superstore.com, $41.96 
CA-2016-128867,CL-12565,Clay Ludtke,OFF-AR-10000380,"Hunt PowerHouse Electric Pencil Sharpener, Blue",50322,Urbandale , Iowa,11/3/2016, $75.96 ,2,0.00%,11/10/2016,Office Supplies,Art,Standard Class,CONSUMER,Central,Alice Smith,asmith@superstore.com, $75.96 
CA-2016-128867,CL-12565,Clay Ludtke,OFF-BI-10003981,"Avery Durable Plastic 1"" Binders",50322,Urbandale , Iowa,11/3/2016, $27.24 ,6,0.00%,11/10/2016,Office Supplies,Binders,Standard Class,CONSUMER,Central,Alice Smith,asmith@superstore.com, $27.24 
CA-2014-115259,RC-19960,Ryan Crowe,OFF-FA-10000621,"OIC Colored Binder Clips, Assorted Sizes",43229,Columbus , Ohio,8/25/2014, $40.10 ,14,20.00%,8/27/2014,Office Supplies,Fasteners,Second Class,CONSUMER,East,Bob Johnson,bjohnson@superstore.com, $32.08 
CA-2014-115259,RC-19960,Ryan Crowe,OFF-EN-10002600,"Redi-Strip #10 Envelopes, 4 1/8 x 9 1/2",43229,Columbus , Ohio,8/25/2014, $4.72 ,2,20.00%,8/27/2014,Office Supplies,Envelopes,Second Class,CONSUMER,East,Bob Johnson,bjohnson@superstore.com, $3.78 
CA-2014-115259,RC-19960,Ryan Crowe,OFF-PA-10004965,Xerox 1921,43229,Columbus , Ohio,8/25/2014, $23.98 ,3,20.00%,8/27/2014,Office Supplies,Paper,Second Class,CONSUMER,East,Bob Johnson,bjohnson@superstore.com, $19.18 
CA-2014-115259,RC-19960,Ryan Crowe,OFF-EN-10002504,"Tyvek  Top-Opening Peel & Seel Envelopes, Plain White",43229,Columbus , Ohio,8/25/2014, $130.46 ,6,20.00%,8/27/2014,Office Supplies,Envelopes,Second Class,CONSUMER,East,Bob Johnson,bjohnson@superstore.com, $104.37 
CA-2015-110457,DK-13090,Dave Kipp,FUR-TA-10001768,Hon Racetrack Conference Tables,98103,Seattle , Washington,3/2/2015, $787.53 ,3,0.00%,3/6/2015,Furniture,Tables,Standard Class,CONSUMER,West,Diana Prince,dprince@superstore.com, $787.53 
US-2015-136476,GG-14650,Greg Guthrie,OFF-BI-10003650,GBC DocuBind 300 Electric Binding Machine,37620,Bristol , Tennessee,4/5/2015, $157.79 ,1,70.00%,4/10/2015,Office Supplies,Binders,Standard Class,CORPORATE,South,Charlie Brown,cbrown@superstore.com, $47.34 
CA-2016-103730,SC-20725,Steven Cartwright,FUR-FU-10002157,Artistic Insta-Plaque,19805,Wilmington , Delaware,6/12/2016, $47.04 ,3,0.00%,6/15/2016,Furniture,Furnishings,First Class,CONSUMER,East,Bob Johnson,bjohnson@superstore.com, $47.04 
CA-2016-103730,SC-20725,Steven Cartwright,OFF-BI-10003910,DXL Angle-View Binders with Locking Rings by Samsill,19805,Wilmington , Delaware,6/12/2016, $30.84 ,4,0.00%,6/15/2016,Office Supplies,Binders,First Class,CONSUMER,East,Bob Johnson,bjohnson@superstore.com, $30.84 
CA-2016-103730,SC-20725,Steven Cartwright,OFF-ST-10000777,"Companion Letter/Legal File, Black",19805,Wilmington , Delaware,6/12/2016, $226.56 ,6,0.00%,6/15/2016,Office Supplies,Storage,First Class,CONSUMER,East,Bob Johnson,bjohnson@superstore.com, $226.56 
CA-2016-103730,SC-20725,Steven Cartwright,OFF-EN-10002500,Globe Weis Peel & Seel First Class Envelopes,19805,Wilmington , Delaware,6/12/2016, $115.02 ,9,0.00%,6/15/2016,Office Supplies,Envelopes,First Class,CONSUMER,East,Bob Johnson,bjohnson@superstore.com, $115.02 
CA-2016-103730,SC-20725,Steven Cartwright,TEC-PH-10003875,KLD Oscar II Style Snap-on Ultra Thin Side Flip Synthetic Leather Cover Case for HTC One HTC M7,19805,Wilmington , Delaware,6/12/2016, $68.04 ,7,0.00%,6/15/2016,Technology,Phones,First Class,CONSUMER,East,Bob Johnson,bjohnson@superstore.com, $68.04 
US-2014-152030,AD-10180,Alan Dominguez,FUR-CH-10004063,Global Deluxe High-Back Manager's Chair,77041,Houston , Texas,12/26/2014, $600.56 ,3,30.00%,12/28/2014,Furniture,Chairs,Second Class,HOME OFFICE,Central,Alice Smith,asmith@superstore.com, $420.39 
US-2014-134614,PF-19165,Philip Fox,FUR-TA-10004534,Bevis 44 x 96 Conference Tables,61701,Bloomington , Illinois,9/20/2014, $617.70 ,6,50.00%,9/25/2014,Furniture,Tables,Standard Class,CONSUMER,Central,Alice Smith,asmith@superstore.com, $308.85 
US-2017-107272,TS-21610,Troy Staebel,OFF-BI-10003274,"Avery Durable Slant Ring Binders, No Labels",85023,Phoenix , Arizona,11/5/2017, $2.39 ,2,70.00%,11/12/2017,Office Supplies,Binders,Standard Class,CONSUMER,West,Diana Prince,dprince@superstore.com, $0.72 
US-2017-107272,TS-21610,Troy Staebel,OFF-ST-10002974,"Trav-L-File Heavy-Duty Shuttle II, Black",85023,Phoenix , Arizona,11/5/2017, $243.99 ,7,20.00%,11/12/2017,Office Supplies,Storage,Standard Class,CONSUMER,West,Diana Prince,dprince@superstore.com, $195.19 
US-2016-125969,LS-16975,Lindsay Shagiari,FUR-CH-10001146,"Global Task Chair, Black",90004,Los Angeles , California,11/6/2016, $81.42 ,2,20.00%,11/10/2016,Furniture,Chairs,Second Class,HOME OFFICE,West,Diana Prince,dprince@superstore.com, $65.14 
US-2016-125969,LS-16975,Lindsay Shagiari,FUR-FU-10003773,Eldon Cleatmat Plus Chair Mats for High Pile Carpets,90004,Los Angeles , California,11/6/2016, $238.56 ,3,0.00%,11/10/2016,Furniture,Furnishings,Second Class,HOME OFFICE,West,Diana Prince,dprince@superstore.com, $238.56 
US-2017-164147,DW-13585,Dorothy Wardle,TEC-PH-10002293,Anker 36W 4-Port USB Wall Charger Travel Power Adapter for iPhone 5s 5c 5,43229,Columbus , Ohio,2/2/2017, $59.97 ,5,40.00%,2/5/2017,Technology,Phones,First Class,CORPORATE,East,Bob Johnson,bjohnson@superstore.com, $35.98 
US-2017-164147,DW-13585,Dorothy Wardle,OFF-PA-10002377,Xerox 1916,43229,Columbus , Ohio,2/2/2017, $78.30 ,2,20.00%,2/5/2017,Office Supplies,Paper,First Class,CORPORATE,East,Bob Johnson,bjohnson@superstore.com, $62.64 
US-2017-164147,DW-13585,Dorothy Wardle,OFF-FA-10002780,Staples,43229,Columbus , Ohio,2/2/2017, $21.46 ,9,20.00%,2/5/2017,Office Supplies,Fasteners,First Class,CORPORATE,East,Bob Johnson,bjohnson@superstore.com, $17.16 
CA-2016-145583,LC-16885,Lena Creighton,OFF-PA-10001804,Xerox 195,95661,Roseville , California,10/13/2016, $20.04 ,3,0.00%,10/19/2016,Office Supplies,Paper,Standard Class,CONSUMER,West,Diana Prince,dprince@superstore.com, $20.04 
CA-2016-145583,LC-16885,Lena Creighton,OFF-PA-10001736,Xerox 1880,95661,Roseville , California,10/13/2016, $35.44 ,1,0.00%,10/19/2016,Office Supplies,Paper,Standard Class,CONSUMER,West,Diana Prince,dprince@superstore.com, $35.44 
CA-2016-145583,LC-16885,Lena Creighton,OFF-AR-10001149,"Sanford Colorific Colored Pencils, 12/Box",95661,Roseville , California,10/13/2016, $11.52 ,4,0.00%,10/19/2016,Office Supplies,Art,Standard Class,CONSUMER,West,Diana Prince,dprince@superstore.com, $11.52 
CA-2016-145583,LC-16885,Lena Creighton,OFF-FA-10002988,Ideal Clamps,95661,Roseville , California,10/13/2016, $4.02 ,2,0.00%,10/19/2016,Office Supplies,Fasteners,Standard Class,CONSUMER,West,Diana Prince,dprince@superstore.com, $4.02 
CA-2016-145583,LC-16885,Lena Creighton,OFF-BI-10004781,GBC Wire Binding Strips,95661,Roseville , California,10/13/2016, $76.18 ,3,20.00%,10/19/2016,Office Supplies,Binders,Standard Class,CONSUMER,West,Diana Prince,dprince@superstore.com, $60.94 
CA-2016-145583,LC-16885,Lena Creighton,OFF-SU-10001218,Fiskars Softgrip Scissors,95661,Roseville , California,10/13/2016, $65.88 ,6,0.00%,10/19/2016,Office Supplies,Supplies,Standard Class,CONSUMER,West,Diana Prince,dprince@superstore.com, $65.88 
CA-2016-145583,LC-16885,Lena Creighton,FUR-FU-10001706,Longer-Life Soft White Bulbs,95661,Roseville , California,10/13/2016, $43.12 ,14,0.00%,10/19/2016,Furniture,Furnishings,Standard Class,CONSUMER,West,Diana Prince,dprince@superstore.com, $43.12 
CA-2016-110366,JD-15895,Jonathan Doherty,FUR-FU-10004848,"Howard Miller 13-3/4"" Diameter Brushed Chrome Round Wall Clock",19140,Philadelphia , Pennsylvania,9/5/2016, $82.80 ,2,20.00%,9/7/2016,Furniture,Furnishings,Second Class,CORPORATE,East,Bob Johnson,bjohnson@superstore.com, $66.24 
CA-2017-106180,SH-19975,Sally Hughsby,OFF-AR-10000940,Newell 343,94122,San Francisco , California,9/18/2017, $8.82 ,3,0.00%,9/23/2017,Office Supplies,Art,Standard Class,CORPORATE,West,Diana Prince,dprince@superstore.com, $8.82 
CA-2017-106180,SH-19975,Sally Hughsby,OFF-EN-10004030,Convenience Packs of Business Envelopes,94122,San Francisco , California,9/18/2017, $10.86 ,3,0.00%,9/23/2017,Office Supplies,Envelopes,Standard Class,CORPORATE,West,Diana Prince,dprince@superstore.com, $10.86 
CA-2017-106180,SH-19975,Sally Hughsby,OFF-PA-10004327,Xerox 1911,94122,San Francisco , California,9/18/2017, $143.70 ,3,0.00%,9/23/2017,Office Supplies,Paper,Standard Class,CORPORATE,West,Diana Prince,dprince@superstore.com, $143.70 
CA-2017-155376,SG-20080,Sandra Glassco,OFF-AP-10001058,Sanyo 2.5 Cubic Foot Mid-Size Office Refrigerators,64055,Independence , Missouri,12/22/2017, $839.43 ,3,0.00%,12/27/2017,Office Supplies,Appliances,Standard Class,CONSUMER,Central,Alice Smith,asmith@superstore.com, $839.43 
CA-2015-110744,HA-14920,Helen Andreada,OFF-ST-10003656,Safco Industrial Wire Shelving,91104,Pasadena , California,9/7/2015, $671.93 ,7,0.00%,9/12/2015,Office Supplies,Storage,Standard Class,CONSUMER,West,Diana Prince,dprince@superstore.com, $671.93 
CA-2014-110072,MG-17680,Maureen Gastineau,FUR-FU-10000521,"Seth Thomas 14"" Putty-Colored Wall Clock",43055,Newark , Ohio,10/22/2014, $93.89 ,4,20.00%,10/28/2014,Furniture,Furnishings,Standard Class,HOME OFFICE,East,Bob Johnson,bjohnson@superstore.com, $75.11 
CA-2016-114489,JE-16165,Justin Ellison,TEC-PH-10000215,Plantronics Cordless Phone Headset with In-line Volume - M214C,53132,Franklin , Wisconsin,12/5/2016, $384.45 ,11,0.00%,12/9/2016,Technology,Phones,Standard Class,CORPORATE,Central,Alice Smith,asmith@superstore.com, $384.45 
CA-2016-114489,JE-16165,Justin Ellison,TEC-PH-10001448,Anker Astro 15000mAh USB Portable Charger,53132,Franklin , Wisconsin,12/5/2016, $149.97 ,3,0.00%,12/9/2016,Technology,Phones,Standard Class,CORPORATE,Central,Alice Smith,asmith@superstore.com, $149.97 
CA-2016-114489,JE-16165,Justin Ellison,FUR-CH-10000454,"Hon Deluxe Fabric Upholstered Stacking Chairs, Rounded Back",53132,Franklin , Wisconsin,12/5/2016," $1,951.84 ",8,0.00%,12/9/2016,Furniture,Chairs,Standard Class,CORPORATE,Central,Alice Smith,asmith@superstore.com," $1,951.84 "
